<!DOCTYPE mapper
    PUBLIC "-//mybatis.org//DTD Mapper 3.0//EN"
    "http://mybatis.org/dtd/mybatis-3-mapper.dtd">

<mapper namespace="catiaMapper">

	<select id="getPLMState" parameterType="java.util.Map" resultType="java.util.Map">
		SELECT * FROM (
						SELECT M.WTPARTNUMBER PARTNUMBER
							   , I.VERSIONIDA2VERSIONINFO REV
							   , M.NAME MASTER_NAME
							   , I.LOCALNAME LOCAL_NAME
							   , DECODE(I.LATESTREVISION, NULL, 0, I.LATESTREVISION ) AS LR
							   , DECODE(I.LATESTITERATIONINFO, NULL, 0, I.LATESTITERATIONINFO ) AS LI 
						  FROM WTPARTMASTER  M
							   , MANDOPART I WHERE M.IDA2A2 = I.IDA3MASTERREFERENCE
											   AND M.WTPARTNUMBER = #{PARTNO}
											   AND I.IDENTIFIERB11 = 'KO'
					  ) WHERE LR =1 AND LI = 1
	</select>

	<select id="getCodeName" parameterType="java.util.Map" resultType="java.util.Map">
		SELECT DISTINCT BC.CODENAME AS DESCRIPTION  
		  FROM MANDOCODE PP
			   , MANDOCODE BC
			   , PARENTCHILD PC
		 WHERE PP.IDA2A2 = PC.IDA3A5 
		   AND BC.IDA2A2 = PC.IDA3B5
		   AND PP.CODETYPE = 'PP'
		   AND BC.CODETYPE = 'BC'
		   AND BC.REGION <![CDATA[ <> ]]> 'RD'
		   AND PP.CODE = #{MAINCODE}
		   AND BC.CODE = #{SUBCODE}
	</select>

	<select id="getUniqueCatiaFileChecker" parameterType="java.util.Map" resultType="java.util.Map">
		SELECT MIN(CODE_LEN)
			   , MIN(DESCRIPTION) KEEP(DENSE_RANK FIRST ORDER BY CODE_LEN) AS DESCRIPTION
		  FROM (
				SELECT DISTINCT LENGTH(BC.CODENAME) AS CODE_LEN
					   , BC.CODENAME AS DESCRIPTION
				  FROM MANDOCODE PP
					   , MANDOCODE BC
					   , PARENTCHILD PC 
				 WHERE PP.IDA2A2 = PC.IDA3A5
				   AND BC.IDA2A2 = PC.IDA3B5
				   AND PP.CODETYPE = 'PP' 
				   AND BC.CODETYPE = 'BC'
				   AND BC.REGION <![CDATA[ <> ]]> 'RD'
				   AND PP.CODE = #{MAINCODE}
				   AND BC.CODE = #{SUBCODE}
				)
	</select>

	<select id="getPartNumberName" parameterType="java.util.Map" resultType="java.util.Map">
		SELECT M.WTPARTNUMBER PARTNUMBER
			   , I.VERSIONIDA2VERSIONINFO REV
			   , M.NAME MASTER_NAME
			   , I.LOCALNAME LOCAL_NAME
			   , DECODE(I.LATESTREVISION, NULL, 0, I.LATESTREVISION ) AS LR
			   , DECODE(I.LATESTITERATIONINFO, NULL, 0, I.LATESTITERATIONINFO ) AS LI
		  FROM WTPARTMASTER M
		  	   , MANDOPART I
		 WHERE M.IDA2A2 = I.IDA3MASTERREFERENCE 
		   AND M.WTPARTNUMBER = #{PARTNO}
		   AND I.IDENTIFIERB11 = 'KO' 
	</select>

	<select id="getPLMStateNotRev" parameterType="java.util.Map" resultType="java.util.Map">
		SELECT I.IDENTIFIERB11
			   , M.WTPARTNUMBER PARTNUMBER
			   , I.VERSIONIDA2VERSIONINFO REV
			   , M.NAME MASTER_NAME
			   , I.LOCALNAME LOCAL_NAME
			   , DECODE(I.LATESTREVISION, NULL, 0, I.LATESTREVISION ) AS LR, 
			   DECODE(I.LATESTITERATIONINFO, NULL, 0, I.LATESTITERATIONINFO ) AS LI, 
			   DECODE(I.LATESTRELEASE, NULL, 0, I.LATESTRELEASE ) AS LRR FROM WTPARTMASTER M
			   , MANDOPART I
		 WHERE M.IDA2A2 = I.IDA3MASTERREFERENCE
		   AND M.WTPARTNUMBER = #{PARTNO}
	</select>

	<select id="getPLMStateRev" parameterType="java.util.Map" resultType="java.util.Map">
		SELECT I.IDENTIFIERB11
			   , M.WTPARTNUMBER PARTNUMBER
			   , I.VERSIONIDA2VERSIONINFO REV
			   , M.NAME MASTER_NAME
			   , I.LOCALNAME LOCAL_NAME
			   , DECODE(I.LATESTREVISION, NULL, 0, I.LATESTREVISION ) AS LR, 
			   DECODE(I.LATESTITERATIONINFO, NULL, 0, I.LATESTITERATIONINFO ) AS LI,
			   DECODE(I.LATESTRELEASE, NULL, 0, I.LATESTRELEASE ) AS LRR 
		  FROM WTPARTMASTER M, MANDOPART I 
		 WHERE M.IDA2A2 = I.IDA3MASTERREFERENCE
		   AND M.WTPARTNUMBER = #{PARTNO}
		   AND I.VERSIONIDA2VERSIONINFO = #{PARTREV}
	</select>
</mapper>