<!DOCTYPE mapper
    PUBLIC "-//mybatis.org//DTD Mapper 3.0//EN"
    "http://mybatis.org/dtd/mybatis-3-mapper.dtd">

<mapper namespace="materialPLMMapper">
	
	<select id="getMaterialMap" parameterType="java.util.Map" resultType="java.util.Map">
		select MIN(MATERIALTYPE) from VW_MATERIAL_CDM_EXP_IF where GUBUN = 'MATERIAL' GROUP BY MATERIALTYPE
	</select>
	
	<select id="getMaterialLargeClassificationMap" parameterType="java.util.Map" resultType="java.util.Map">
		select MIN(CATEGORY1) from VW_MATERIAL_CDM_EXP_IF where (GUBUN = 'MATERIAL' AND MATERIALTYPE = #{MATERIAL}) GROUP BY CATEGORY1
	</select>
	
	<select id="getMaterialMiddleClassificationMap" parameterType="java.util.Map" resultType="java.util.Map">
		select MIN(CATEGORY2) from VW_MATERIAL_CDM_EXP_IF where (GUBUN = 'MATERIAL' AND MATERIALTYPE = #{MATERIAL} AND CATEGORY1 = #{CATEGORY1}) GROUP BY CATEGORY2
	</select>
	
	<select id="getMaterialSmallClassificationMap" parameterType="java.util.Map" resultType="java.util.Map">
		select MIN(CATEGORY3) from VW_MATERIAL_CDM_EXP_IF where (GUBUN = 'MATERIAL' AND MATERIALTYPE = #{MATERIAL} AND CATEGORY1 = #{CATEGORY1} AND CATEGORY2 = #{CATEGORY2}) GROUP BY CATEGORY3
	</select>
	
	<select id="getMaterialNameClassificationMap" parameterType="java.util.Map" resultType="java.util.Map">
		select MATERIALNAME,MESNUMBER,OID from VW_MATERIAL_CDM_EXP_IF where (GUBUN = 'MATERIAL' AND MATERIALTYPE = #{MATERIAL} AND CATEGORY1 = #{CATEGORY1} AND CATEGORY2 = #{CATEGORY2} AND CATEGORY3 = #{CATEGORY3})
	</select>
	
	<select id="getMaterialNameMiddleClassificationMap" parameterType="java.util.Map" resultType="java.util.Map">
		select MATERIALNAME,MESNUMBER,OID from VW_MATERIAL_CDM_EXP_IF where (GUBUN = 'MATERIAL' AND MATERIALTYPE = #{MATERIAL} AND CATEGORY1 = #{CATEGORY1} AND CATEGORY2 = #{CATEGORY2})
	</select>
	
	<select id="getMaterialOIDMap" parameterType="java.util.Map" resultType="java.util.Map">
		select OID,MESNUMBER from VW_MATERIAL_CDM_EXP_IF where (MATERIALNAME = #{MATERIAL})
	</select>
	
	<select id="getMiddleClassificationMaterialNameMap" parameterType="java.util.Map" resultType="java.util.Map">
		select MATERIALNAME,MESNUMBER,OID from VW_MATERIAL_CDM_EXP_IF where (GUBUN = 'MATERIAL' AND MATERIALTYPE = #{MATERIAL} AND CATEGORY1 = #{CATEGORY1})
	</select>
	
	
	
	<select id="getFinishMaterialMap" parameterType="java.util.Map" resultType="java.util.Map">
		select MIN(MATERIALTYPE) from VW_MATERIAL_CDM_EXP_IF where GUBUN = 'FINISH' GROUP BY MATERIALTYPE
	</select>
	
	<select id="getFinishMaterialLargeClassificationMap" parameterType="java.util.Map" resultType="java.util.Map">
		select MIN(CATEGORY1) from VW_MATERIAL_CDM_EXP_IF where (GUBUN = 'FINISH' AND MATERIALTYPE = #{FINISH_MATERIAL}) GROUP BY CATEGORY1
	</select>
	
	<select id="getFinishMaterialMiddleClassificationMap" parameterType="java.util.Map" resultType="java.util.Map">
		select MIN(CATEGORY2) from VW_MATERIAL_CDM_EXP_IF where (GUBUN = 'FINISH' AND MATERIALTYPE = #{FINISH_MATERIAL} AND CATEGORY1 = #{CATEGORY1}) GROUP BY CATEGORY2
	</select>
	
	<select id="getFinishMiddleClassificationMaterialNameMap" parameterType="java.util.Map" resultType="java.util.Map">
		select MATERIALNAME,MESNUMBER,OID from VW_MATERIAL_CDM_EXP_IF where (GUBUN = 'FINISH' AND MATERIALTYPE = #{FINISH_MATERIAL} AND CATEGORY1 = #{CATEGORY1}) 
	</select>
	
	<select id="getSurfaceTreatmentOIDMap" parameterType="java.util.Map" resultType="java.util.Map">
		select OID,MESNUMBER from VW_MATERIAL_CDM_EXP_IF where (MATERIALNAME = #{SURFACE_TREATMENT})
	</select>
	
	<select id="getFinishSmallClassificationMap" parameterType="java.util.Map" resultType="java.util.Map">
		select MIN(CATEGORY3) from VW_MATERIAL_CDM_EXP_IF where (GUBUN = 'FINISH' AND MATERIALTYPE = #{FINISH_MATERIAL} AND CATEGORY1 = #{CATEGORY1} AND CATEGORY2 = #{CATEGORY2}) GROUP BY CATEGORY3
	</select>
	
	<select id="getMaterialNameFinishMiddleClassificationMap" parameterType="java.util.Map" resultType="java.util.Map">
		select MATERIALNAME,MESNUMBER,OID from VW_MATERIAL_CDM_EXP_IF where (GUBUN = 'FINISH' AND MATERIALTYPE = #{FINISH_MATERIAL} AND CATEGORY1 = #{CATEGORY1} AND CATEGORY2 = #{CATEGORY2})
	</select>
	
	<select id="getBlockCodeMaterialNecessary" parameterType="java.util.Map" resultType="java.util.Map">
		select MATERIALYN, FINISHYN from VW_MATNECESSARY_CDM_EXP_IF where BLOCKCODE = #{BLOCKCODE}
	</select>
	
</mapper>