<!DOCTYPE mapper
    PUBLIC "-//mybatis.org//DTD Mapper 3.0//EN"
    "http://mybatis.org/dtd/mybatis-3-mapper.dtd">

<mapper namespace="PLMExportMapper">

	<insert id="insertPLM_NEWBOM"  parameterType="java.util.Map" >
          INSERT INTO TB_NEWBOM_CDM_EXP_IF (
			OBJECT_ID, 
			PARENT_PART_NO, 
			PARENT_PART_REV, 
			CHILD_PART_NO, 
			CHILD_PART_REV, 
			QUANTITY, 
			ECONO, 
			CHANGE_TYPE, 
			CREATOR, 
			EXPORT_DATETIME, 
			IMPORTYN
           ) VALUES (
			WCADMIN.TB_NEWBOM_CDM_EXP_IF_SEQ.NextVal,
			#{PARENT_PART_NO},
			#{PARENT_PART_REV}, 
			#{CHILD_PART_NO},
			#{CHILD_PART_REV},
			#{QUANTITY},
			#{ECONO},
			#{CHANGE_TYPE},  
			#{CREATOR},
			SYSDATE,
			#{IMPORTYN}
		    )
     </insert>
     
     <select id="NewBOMOperationSequenceCurrentValue" parameterType="java.util.Map" resultType="java.lang.String">
         select WCADMIN.TB_NEWBOM_CDM_EXP_IF_SEQ.CURRVAL from dual
     </select>
     
     <insert id="insertPLM_Part"  parameterType="java.util.Map" >
          INSERT INTO TB_PART_CDM_IMP_IF (
          	OBJECT_ID, 
          	EONO, 
          	ITEMNUMBER, 
          	ITEMNAME, 
          	VERSION, 
          	CFGCREATEDATE,
			MANDOPARTTYPE,
			GLOBALTYPE,
			PARTUNIT,
			PROJECTCODE,
			CFGCREATOR,
			CARTYPE,
			WEIGHT,
			WEIGHTUNIT,
			ISCASTINGPART,
			STANDARD,
			QUALITY,
			SYSTEM,
			PRODUCT,
			PARENTPARTYN,
			PARTTYPE,
			THICKNESS,
			MATERIAL,
			MATERIALCOSINE,
			FINISH,
			FINISHCOSINE,
			STDBOMYN,
			CUSTITEMNUMBER,
			OPTION1,
			OPTION2,
			OPTION3,
			OPTION4,
			OPTION5,
			OPTION6,
			OPTION7,
			OPTION8,
			OPTION9,
			OPTION10,
			OPTION11,
			OPTION12,
			OPTION13,
			OPTION14,
			OPTION15,
			GUBUN,
			CN_FILENAME_2D,
			CADNUMBER,
			CADREV,
			LINKTYPE,
			PREVERSION,
			CN_FILENAME_3D
           ) VALUES (
            WCADMIN.TB_PART_CDM_IMP_IF_SEQ.NextVal,
            #{EONO},
            #{ITEMNUMBER},
            #{ITEMNAME},
            #{VERSION},
            #{CFGCREATEDATE},
            #{MANDOPARTTYPE},
            #{GLOBALTYPE},
            #{PARTUNIT},
            #{PROJECTCODE},
            #{CFGCREATOR},
            #{CARTYPE},
            #{WEIGHT},
            #{WEIGHTUNIT},
            #{ISCASTINGPART},
            #{STANDARD},
            #{QUALITY},
            #{SYSTEM},
            #{PRODUCT},
            #{PARENTPARTYN},
            #{PARTTYPE},
            #{THICKNESS},
            #{MATERIAL},
            #{MATERIALCOSINE},
            #{FINISH},
            #{FINISHCOSINE},
            #{STDBOMYN},
            #{CUSTITEMNUMBER},
            #{OPTION1},
            #{OPTION2},
            #{OPTION3},
            #{OPTION4},
            #{OPTION5},
			#{OPTION6},
			#{OPTION7},
			#{OPTION8}, 
			#{OPTION9},
			#{OPTION10},
            #{OPTION11},
			#{OPTION12},
			#{OPTION13},
			#{OPTION14}, 
			#{OPTION15},
			#{GUBUN},
			#{CN_FILENAME_2D},
			#{CADNUMBER},
			#{CADREV},
			#{LINKTYPE},
			#{PREVERSION},
			#{CN_FILENAME_3D}
		    )
     </insert>
     
     <select id="PartOperationSequenceCurrentValue" parameterType="java.util.Map" resultType="java.util.Map">
         select WCADMIN.TB_PART_CDM_IMP_IF_SEQ.CURRVAL from dual
     </select>
     
     <select id="VW_PART_PARTNUMBER" parameterType="java.util.Map" resultType="java.lang.String">
         select PARTNUMBER from VW_PART_CDM_EXP_IF where PARTNUMBER = #{PARTNUMBER}
     </select>
     
     <select id="VW_PART_ECONO" parameterType="java.util.Map" resultType="java.lang.String">
         select ECONO from VW_PART_CDM_EXP_IF where (PARTNUMBER = #{PARTNUMBER} AND REV = #{REV}) 
     </select>
     
     <select id="VW_BOM_PARTNUMBER" parameterType="java.util.Map" resultType="java.util.Map">
         select * from VW_BOM_CDM_EXP_IF where (PARENTNUMBER = #{PARENTNUMBER} AND PARENTREV = #{PARENTREV})
     </select>
     
     <select id="TB_PART_PARTDATA" parameterType="java.util.Map" resultType="java.util.Map">
     	 select * from TB_PART_CDM_IMP_IF where (ITEMNUMBER = #{ITEMNUMBER} AND VERSION = #{VERSION})
     </select>
     
     <update id="updateEOMaster" parameterType="java.util.Map">
         update TB_EOMASTER_CDM_IOP_IF set CDM_FLAG = #{CDM_FLAG} where EO_NUMBER = #{EO_NUMBER}
     </update>
     
     <select id="EO_DATA" parameterType="java.util.Map" resultType="java.util.Map">
     	select * from TB_EOMASTER_CDM_IOP_IF where EO_NUMBER = #{EO_NUMBER}
     </select>
     
     
     
     <select id="get_part_info_with_partno" parameterType="java.util.Map" resultType="java.util.Map">
         select * from VW_PART_CDM_EXP_IF where PARTNUMBER = #{PARTNUMBER}
     </select>
     
     <select id="get_bom_info_with_parent" parameterType="java.util.Map" resultType="java.util.Map">
         select * from VW_BOM_CDM_EXP_IF where (PARENTNUMBER = #{PARENTNUMBER} AND PARENTREV = #{PARENTREV})
     </select>
     
     
     <select id="SELECT_CHANGE_PART_CHANGE_TYPE" parameterType="java.util.Map" resultType="java.lang.String">
     	select AFTER_CHANGE_TYPE from TB_CHANGEPART_CDM_EXP_IF where AFTER_PARENT_PART_ID = #{AFTER_PARENT_PART_ID} AND AFTER_PARENT_PART_REV = #{AFTER_PARENT_PART_REV} AND AFTER_CHILD_PART_ID = #{AFTER_CHILD_PART_ID} AND AFTER_CHILD_PART_REV = #{AFTER_CHILD_PART_REV} 
     </select>
     
     
     <insert id="INSERT_CHANGE_PART"  parameterType="java.util.Map" >
     	INSERT INTO TB_CHANGEPART_CDM_EXP_IF (
     		OBJECT_ID,
			EO_NUMBER,
			EO_TYPE,
			EAR,
			BEFORE_PARENT_PART_ID,
			BEFORE_PARENT_PART_REV,
			BEFORE_CHILD_PART_ID,
			BEFORE_CHILD_PART_REV,
			BEFORE_CHILD_PART_NAME,
			BEFORE_QUANTITY,
			BEFORE_MATERIAL,
			BEFORE_TREATMENT,
			BEFORE_VEHICLE,
			AFTER_CHANGE_TYPE,
			AFTER_PARENT_PART_ID,
			AFTER_PARENT_PART_REV,
			AFTER_CHILD_PART_ID,
			AFTER_CHILD_PART_REV,
			AFTER_CHILD_PART_NAME,
			AFTER_QUANTITY,
			AFTER_MATERIAL,
			AFTER_TREATMENT,
			AFTER_VEHICLE,
			EXPORT_DATETIME,
			INTERFACE_DATETIME,
			CLASSIFY
			) VALUES (
            WCADMIN.TB_CHANGEPART_CDM_EXP_IF_SEQ.NextVal,
            #{EO_NUMBER},
            #{EO_TYPE},
            #{EAR},
            #{BEFORE_PARENT_PART_ID},
            #{BEFORE_PARENT_PART_REV},
            #{BEFORE_CHILD_PART_ID},
            #{BEFORE_CHILD_PART_REV},
            #{BEFORE_CHILD_PART_NAME},
            #{BEFORE_QUANTITY},
            #{BEFORE_MATERIAL},
            #{BEFORE_TREATMENT},
            #{BEFORE_VEHICLE},
            #{AFTER_CHANGE_TYPE},
            #{AFTER_PARENT_PART_ID},
            #{AFTER_PARENT_PART_REV},
            #{AFTER_CHILD_PART_ID},
            #{AFTER_CHILD_PART_REV},
            #{AFTER_CHILD_PART_NAME},
            #{AFTER_QUANTITY},
            #{AFTER_MATERIAL},
            #{AFTER_TREATMENT},
            #{AFTER_VEHICLE},
            #{EXPORT_DATETIME},
            #{INTERFACE_DATETIME},
			#{CLASSIFY}
            )
     </insert>
     
     
    <update id="updateFTP_IP_EOMaster" parameterType="java.util.Map">
    	update TB_EOMASTER_CDM_IOP_IF set FTPIP = #{FTPIP} where EO_NUMBER = #{EO_NUMBER}
    </update>	
     
     
    <update id="MERGE_REQUEST_REPEAT_PLM_NEWBOM_1" parameterType="java.util.Map">
        update TB_NEWBOM_CDM_EXP_IF set QUANTITY = #{QUANTITY}, CHANGE_TYPE = #{CHANGE_TYPE} where ( ECONO = #{ECONO} AND PARENT_PART_NO = #{PARENT_PART_NO} AND PARENT_PART_REV = #{PARENT_PART_REV} AND CHILD_PART_NO = #{CHILD_PART_NO}  AND CHILD_PART_REV = #{CHILD_PART_REV} )
    </update>	
     
    
    <update id="MERGE_REQUEST_REPEAT_PLM_NEWBOM_2" parameterType="java.util.Map">
        update TB_NEWBOM_CDM_EXP_IF set QUANTITY = #{QUANTITY}, CHANGE_TYPE = #{CHANGE_TYPE} where ( ECONO = #{ECONO} AND PARENT_PART_NO = #{PARENT_PART_NO} AND PARENT_PART_REV = #{PARENT_PART_REV} AND CHILD_PART_NO = #{CHILD_PART_NO} )
    </update>
     
	<update id="MERGE_CHANGE_PART_REQUEST_REPEAT"  parameterType="java.util.Map" >
        MERGE INTO TB_CHANGEPART_CDM_EXP_IF
            USING DUAL 
            	ON (EO_NUMBER = #{EO_NUMBER} AND AFTER_PARENT_PART_ID = #{AFTER_PARENT_PART_ID} AND AFTER_PARENT_PART_REV = #{AFTER_PARENT_PART_REV} AND AFTER_CHILD_PART_ID = #{AFTER_CHILD_PART_ID} AND AFTER_CHILD_PART_REV = #{AFTER_CHILD_PART_REV})
            WHEN MATCHED THEN
                    UPDATE SET 
						CLASSIFY  = #{CLASSIFY}, 
						AFTER_QUANTITY  = #{AFTER_QUANTITY}
            WHEN NOT MATCHED THEN
                    INSERT (
						OBJECT_ID,
						EO_NUMBER,
						EO_TYPE,
						EAR,
						BEFORE_PARENT_PART_ID,
						BEFORE_PARENT_PART_REV,
						BEFORE_CHILD_PART_ID,
						BEFORE_CHILD_PART_REV,
						BEFORE_CHILD_PART_NAME,
						BEFORE_QUANTITY,
						BEFORE_MATERIAL,
						BEFORE_TREATMENT,
						BEFORE_VEHICLE,
						AFTER_CHANGE_TYPE,
						AFTER_PARENT_PART_ID,
						AFTER_PARENT_PART_REV,
						AFTER_CHILD_PART_ID,
						AFTER_CHILD_PART_REV,
						AFTER_CHILD_PART_NAME,
						AFTER_QUANTITY,
						AFTER_MATERIAL,
						AFTER_TREATMENT,
						AFTER_VEHICLE,
						EXPORT_DATETIME,
						INTERFACE_DATETIME,
						CLASSIFY
					) VALUES (
           	 			WCADMIN.TB_CHANGEPART_CDM_EXP_IF_SEQ.NextVal,
            			#{EO_NUMBER},
            			#{EO_TYPE},
            			#{EAR},
            			#{BEFORE_PARENT_PART_ID},
            			#{BEFORE_PARENT_PART_REV},
            			#{BEFORE_CHILD_PART_ID},
            			#{BEFORE_CHILD_PART_REV},
            			#{BEFORE_CHILD_PART_NAME},
            			#{BEFORE_QUANTITY},
            			#{BEFORE_MATERIAL},
            			#{BEFORE_TREATMENT},
            			#{BEFORE_VEHICLE},
            			#{AFTER_CHANGE_TYPE},
            			#{AFTER_PARENT_PART_ID},
            			#{AFTER_PARENT_PART_REV},
            			#{AFTER_CHILD_PART_ID},
            			#{AFTER_CHILD_PART_REV},
            			#{AFTER_CHILD_PART_NAME},
            			#{AFTER_QUANTITY},
            			#{AFTER_MATERIAL},
            			#{AFTER_TREATMENT},
            			#{AFTER_VEHICLE},
            			SYSDATE,
            			SYSDATE,
						#{CLASSIFY}
            		)     
    </update>  
    
    <select id="SELECT_REPEAT_PART_NEW_BOM_1" parameterType="java.util.Map" resultType="java.lang.String">
    	select QUANTITY from TB_NEWBOM_CDM_EXP_IF where (ECONO = #{ECONO} AND PARENT_PART_NO = #{PARENT_PART_NO} AND PARENT_PART_REV = #{PARENT_PART_REV} AND CHILD_PART_NO = #{CHILD_PART_NO} AND CHILD_PART_REV = #{CHILD_PART_REV}) 
    </select>
    
    <select id="SELECT_REPEAT_PART_NEW_BOM_2" parameterType="java.util.Map" resultType="java.util.Map">
    	select CHILD_PART_REV from TB_NEWBOM_CDM_EXP_IF where (ECONO = #{ECONO} AND PARENT_PART_NO = #{PARENT_PART_NO} AND PARENT_PART_REV = #{PARENT_PART_REV} AND CHILD_PART_NO = #{CHILD_PART_NO} AND CHILD_PART_REV = #{CHILD_PART_REV}) 
    </select>
    
    <select id="SELECT_REPEAT_PART_NEW_BOM_3" parameterType="java.util.Map" resultType="java.util.Map">
    	select CHILD_PART_REV from TB_NEWBOM_CDM_EXP_IF where (ECONO = #{ECONO} AND PARENT_PART_NO = #{PARENT_PART_NO} AND PARENT_PART_REV = #{PARENT_PART_REV} AND CHILD_PART_NO = #{CHILD_PART_NO}) 
    </select>
     
    <insert id="UPDATE_DRAW_ITEM"  parameterType="java.util.Map" >
        MERGE INTO TB_DRAW_CDM_IMP_IF
            USING DUAL 
                 ON (CADNUMBER = #{CADNUMBER} AND CADREV = #{CADREV} AND ITEMNUMBER = #{ITEMNUMBER} AND VERSION = #{VERSION} )
            WHEN NOT MATCHED THEN
                    INSERT (
						OBJECT_ID,
						EONO,
						CADNUMBER,
						CADREV,
						ITEMNUMBER,
						VERSION,
						LINKTYPE,
						EXPORT_DATETIME
					) VALUES (
                        WCADMIN.TB_DRAW_CDM_IMP_IF_SEQ.NextVal,
            			 #{EONO},
            			 #{CADNUMBER},
            			 #{CADREV},
            			 #{ITEMNUMBER},
            			 #{VERSION},
            			 #{LINKTYPE},
            			 SYSDATE
                    )            
    </insert>    
    
    <update id="EO_MasterUpdate" parameterType="java.util.Map">
    	update TB_EOMASTER_CDM_IOP_IF set FTPIP = #{FTPIP}, CDM_FLAG = #{CDM_FLAG} where EO_NUMBER = #{EO_NUMBER}
    </update>	
    
    <select id="VW_EOMASTER_CDMYN" parameterType="java.util.Map" resultType="java.lang.String">
    	select CDMYN from VW_EO_MASTER_EXP_IF where ECONO = #{ECONO}
    </select>
    
    <select id="VW_REQUEST_REPEAT_PART" parameterType="java.util.Map" resultType="java.util.Map">
        select * from TB_PART_CDM_IMP_IF where EONO = #{EONO} AND GUBUN != #{GUBUN}
    </select>
    
    <select id="VW_REQUEST_REPEAT_NEW_BOM" parameterType="java.util.Map" resultType="java.util.Map">
        select * from TB_NEWBOM_CDM_EXP_IF where ECONO = #{ECONO} AND CHANGE_TYPE != #{CHANGE_TYPE}
    </select>
    
    <select id="VW_REQUEST_REPEAT_NEW_BOM_CHILD" parameterType="java.util.Map" resultType="java.util.Map">
        select * from TB_NEWBOM_CDM_EXP_IF where ECONO = #{ECONO} AND PARENT_PART_NO = #{PARENT_PART_NO} AND PARENT_PART_REV = #{PARENT_PART_REV}  
    </select>
    
    <select id="VW_REQUEST_REPEAT_CHANGE_PART" parameterType="java.util.Map" resultType="java.util.Map">
        select * from TB_CHANGEPART_CDM_EXP_IF where EO_NUMBER = #{EO_NUMBER}
    </select>
    
    <update id="UPDATE_REQUEST_REPEAT_PART" parameterType="java.util.Map">
    	update TB_PART_CDM_IMP_IF set GUBUN = #{GUBUN}  where EONO = #{EONO} AND ITEMNUMBER = #{ITEMNUMBER} AND VERSION = #{VERSION}
    </update>	
    
    <update id="UPDATE_REQUEST_REPEAT_DRAWING_CHANGE_PART" parameterType="java.util.Map">
    	update TB_PART_CDM_IMP_IF set GUBUN = #{GUBUN}, CN_FILENAME_2D = #{CN_FILENAME_2D}, CADNUMBER = #{CADNUMBER}, CADREV = #{CADREV}, LINKTYPE = #{LINKTYPE}, CN_FILENAME_3D = #{CN_FILENAME_3D}  where EONO = #{EONO} AND ITEMNUMBER = #{ITEMNUMBER} AND VERSION = #{VERSION}
    </update>
    
    <update id="UPDATE_NEWBOM" parameterType="java.util.Map">
    	update TB_NEWBOM_CDM_EXP_IF set CHANGE_TYPE = #{CHANGE_TYPE} where ECONO = #{ECONO} AND PARENT_PART_NO = #{PARENT_PART_NO} AND PARENT_PART_REV = #{PARENT_PART_REV} AND CHILD_PART_NO = #{CHILD_PART_NO} AND CHILD_PART_REV = #{CHILD_PART_REV}   
    </update>	
    
    
    <update id="MERGE_NEW_BOM_REQUEST_REPEAT"  parameterType="java.util.Map" >
        MERGE INTO TB_NEWBOM_CDM_EXP_IF
            USING DUAL 
            	ON (ECONO = #{ECONO} AND PARENT_PART_NO = #{PARENT_PART_NO} AND PARENT_PART_REV = #{PARENT_PART_REV} AND CHILD_PART_NO = #{CHILD_PART_NO} AND CHILD_PART_REV = #{CHILD_PART_REV})
            WHEN MATCHED THEN
                    UPDATE SET 
						CHANGE_TYPE  = #{CHANGE_TYPE}, 
						QUANTITY  = #{QUANTITY}
            WHEN NOT MATCHED THEN
                    INSERT (
						OBJECT_ID, 
						PARENT_PART_NO, 
						PARENT_PART_REV, 
						CHILD_PART_NO, 
						CHILD_PART_REV, 
						QUANTITY, 
						ECONO, 
						CHANGE_TYPE, 
						CREATOR, 
						EXPORT_DATETIME, 
						IMPORTYN
					) VALUES (
           	 			WCADMIN.TB_NEWBOM_CDM_EXP_IF_SEQ.NextVal,
						#{PARENT_PART_NO},
						#{PARENT_PART_REV}, 
						#{CHILD_PART_NO},
						#{CHILD_PART_REV},
						#{QUANTITY},
						#{ECONO},
						#{CHANGE_TYPE},  
						#{CREATOR},
						SYSDATE,
						#{IMPORTYN}
            		)     
    </update>  
    
    
    <select id="SELECT_DRAW_TABLE_PART" parameterType="java.util.Map" resultType="java.lang.String">
        select OBJECT_ID from TB_DRAW_CDM_IMP_IF where EONO = #{EONO} AND ITEMNUMBER = #{ITEMNUMBER} AND VERSION = #{VERSION}
    </select>
    
    
    <delete id="DELETE_DRAW_TABLE_PART" parameterType="java.util.Map" >
		delete from TB_DRAW_CDM_IMP_IF where EONO = #{EONO} AND ITEMNUMBER = #{ITEMNUMBER} AND VERSION = #{VERSION}
	</delete>
	
	
	<delete id="DELETE_DRAW_TABLE_EO" parameterType="java.util.Map" >
		delete from TB_DRAW_CDM_IMP_IF where EONO = #{EONO} 
	</delete>
	
	
	<update id="UPDATE_CHANGE_PART" parameterType="java.util.Map">
        update TB_CHANGEPART_CDM_EXP_IF set AFTER_CHANGE_TYPE = #{AFTER_CHANGE_TYPE}, CLASSIFY = #{CLASSIFY} where AFTER_PARENT_PART_ID = #{AFTER_PARENT_PART_ID} AND AFTER_PARENT_PART_REV = #{AFTER_PARENT_PART_REV} AND AFTER_CHILD_PART_ID = #{AFTER_CHILD_PART_ID} AND AFTER_CHILD_PART_REV = #{AFTER_CHILD_PART_REV} AND EO_NUMBER = #{EO_NUMBER}  
    </update>
    
    <update id="UPDATE_CHANGE_PART_1" parameterType="java.util.Map">
        update TB_CHANGEPART_CDM_EXP_IF set CLASSIFY = #{CLASSIFY} where AFTER_PARENT_PART_ID = #{AFTER_PARENT_PART_ID} AND AFTER_PARENT_PART_REV = #{AFTER_PARENT_PART_REV} AND AFTER_CHILD_PART_ID = #{AFTER_CHILD_PART_ID} AND AFTER_CHILD_PART_REV = #{AFTER_CHILD_PART_REV} AND EO_NUMBER = #{EO_NUMBER}  
    </update>
    
    <select id="SELECT_REQUEST_REPEAT_BOM" parameterType="java.util.Map" resultType="java.util.Map">
    	select * from VW_BOM_CDM_EXP_IF where PARENTNUMBER = #{PARENTNUMBER} AND PARENTREV = #{PARENTREV} AND CHILDNUMBER = #{CHILDNUMBER} AND CHILDREV = #{CHILDREV}  
    </select> 
    
    <select id="getEOTitle" parameterType="java.util.Map" resultType="java.lang.String">
    	select ECOTITLEEN from VW_EO_MASTER_EXP_IF where ECONO = #{ECONO}
    </select>
     
</mapper>
