<?xml version="1.0" encoding="UTF-8" ?>
<!DOCTYPE configuration
  PUBLIC "-//mybatis.org//DTD Config 3.0//EN"
  "http://mybatis.org/dtd/mybatis-3-config.dtd">
<configuration>
	<properties resource="config/mybatis/config.properties"/>

	<environments default="cdm">
		<environment id="cdm">
			<transactionManager type="JDBC"/>
			<dataSource type="POOLED">
				<property name="driver" value="${cdm_driver}"/>
				<property name="url" value="${cdm_url}"/>
				<property name="username" value="${cdm_username}"/>
				<property name="password" value="${cdm_password}"/>
			</dataSource>
		</environment>
		
		<environment id="plm">
			<transactionManager type="JDBC"/>
			<dataSource type="POOLED">
				<property name="driver" value="${plm_driver}"/>
				<property name="url" value="${plm_url}"/>
				<property name="username" value="${plm_username}"/>
				<property name="password" value="${plm_password}"/>
			</dataSource>
		</environment>
	</environments>

	<mappers>
		<mapper resource="config/mybatis/sql/materialPLMMapper.xml"/>
		<mapper resource="config/mybatis/sql/optionsPLMMapper.xml"/>
	</mappers>
</configuration>