<?xml version="1.0" encoding="UTF-8"?>
<!DOCTYPE log4j:configuration SYSTEM "log4j.dtd">
<log4j:configuration xmlns:log4j="http://jakarta.apache.org/log4j/">

    <appender name="default" class="org.apache.log4j.ConsoleAppender">
        <param name="target" value="System.out"/>
            <layout class="org.apache.log4j.PatternLayout">
        		<param name="ConversionPattern" value="[%p] %d{dd MMM hh:mm:ss.SSS aa} %t [%c]%n%m%n%n"/>
            </layout>
  	</appender>
  	
	
	 <appender name="dailyout" class="org.apache.log4j.DailyRollingFileAppender">  
        <param name="file" value="D:/DS/workspace/InterfaceServer/logs/IF.log" />
        <param name="Append" value="true"/>  
        <param name="DatePattern" value="'.'yyMMdd"/>  
        <layout class="org.apache.log4j.PatternLayout">  
            <!-- 
            <param name="ConversionPattern" value="%t> [%d{yyyy-MM-dd HH:mm:ss}] [%c{1}] [%L] [%p] %m %n"/>  
             -->
            <param name="ConversionPattern" value="[%d{yyyy-MM-dd HH:mm:ss}] [%c{1}] [%p] %m %n"/>  
        </layout>  
    </appender>  

    <root>
        <priority value="DEBUG"/>
        <appender-ref ref="default" />
        <appender-ref ref="dailyout" />
    </root>
  
</log4j:configuration>
