<?xml version="1.0" encoding="UTF-8" ?>
<!DOCTYPE configuration
  PUBLIC "-//mybatis.org//DTD Config 3.0//EN"
  "http://mybatis.org/dtd/mybatis-3-config.dtd">
<configuration>
	<properties resource="org/mybatis/config/config.properties" />

	<environments default="development">
		<environment id="development">
			<transactionManager type="JDBC" />
			<dataSource type="POOLED">
				<property name="driver" value="${driver}" />
				<property name="url" value="${url}" />
				<property name="username" value="${username}" />
				<property name="password" value="${password}" />

				<property name="poolMaximumActiveConnections" value="20" />
				<property name="poolMaximumIdleConnections" value="20" />
				<property name="poolMaximumCheckoutTime" value="20000" />
				<property name="poolPingEnabled" value="true" />
				<property name="poolPingQuery" value="select 1 from dual" />
				<property name="poolPingConnectionsNotUsedFor" value="10000" />
				<property name="poolTimeToWait" value="15000" />


			</dataSource>
		</environment>
	</environments>

	<mappers>
		<mapper resource="org/mybatis/mapper/cdmECOJobMapper.xml" />
		<mapper resource="org/mybatis/mapper/cdmElectronicPartMapper.xml" />
		<mapper resource="org/mybatis/mapper/cdm3dStepFileJobMapper.xml" />
		<mapper resource="org/mybatis/mapper/cdmUDAUpdateJobMapper.xml" />
		<mapper resource="org/mybatis/mapper/cdmKStockMapper.xml" />

	</mappers>

</configuration>