<!DOCTYPE mapper
    PUBLIC "-//mybatis.org//DTD Mapper 3.0//EN"
    "http://mybatis.org/dtd/mybatis-3-mapper.dtd">

<mapper namespace="cdmECOJobMapper">
	<select id="getECOMap" parameterType="java.util.Map" resultType="java.util.Map">
	   SELECT INT_SEQUENCE_ID,
			  EO_NUMBER,
			  PLM_FLAG,
			  PLM_CREATION_DATE,
			  PLM_END_DATE,
			  CDM_FLAG,
			  CDM_CREATION_DATE,
			  CDM_END_DATE,
			  EO_EAR,
			  ERROR_DATE,
			  EO_USER,
			  EO_TYPE,
			  (SELECT ECOTITLEEN from VW_EO_MASTER_EXP_IF  where ECONO =  EO_NUMBER) EO_TITLE,
			  (SELECT PRODUCT from VW_EO_MASTER_EXP_IF  where ECONO =  EO_NUMBER) PRODUCT_GRP
			FROM TB_EOMASTER_CDM_IOP_IF
			WHERE PLM_FLAG = 'A'
			AND (CDM_FLAG != 'P' OR CDM_FLAG IS NULL)
	</select>
	
	
	<select id="get_approved_ec" parameterType="java.util.Map" resultType="java.lang.String">
		SELECT EO_NUMBER
		FROM TB_EOMASTER_CDM_IOP_IF
		WHERE PLM_FLAG = 'S'
		AND CDM_FLAG = 'R'
	</select>
	
	
	<select id="get_deleted_ec" parameterType="java.util.Map" resultType="java.lang.String">
		SELECT EO_NUMBER
		FROM TB_EOMASTER_CDM_IOP_IF
		WHERE PLM_FLAG = 'D'
		AND CDM_FLAG = 'R'
	</select>
	
	
	<select id="get_rejected_ec" parameterType="java.util.Map" resultType="java.lang.String">
		SELECT EO_NUMBER
		FROM TB_EOMASTER_CDM_IOP_IF
		WHERE PLM_FLAG = 'R'
		AND CDM_FLAG IS NULL
	</select>
	
	
	<update id="update_cdm_flag_ec" parameterType="java.util.Map" >
		UPDATE TB_EOMASTER_CDM_IOP_IF 
		   SET CDM_FLAG = #{CDM_FLAG} 
		 WHERE EO_NUMBER = #{EO_NUMBER}
	</update>
	
	
	
	<update id="update_flag_after_create_ec" parameterType="java.util.Map" >
		UPDATE TB_EOMASTER_CDM_IOP_IF 
		SET CDM_FLAG = #{CDM_FLAG},
		    CDM_CREATION_DATE = SYSDATE
		WHERE EO_NUMBER = #{EO_NUMBER}
	</update>
	
	
	<update id="update_flag_after_release_ec" parameterType="java.util.Map" >
		UPDATE TB_EOMASTER_CDM_IOP_IF 
		SET CDM_FLAG = #{CDM_FLAG},
		    CDM_END_DATE = SYSDATE
		WHERE EO_NUMBER = #{EO_NUMBER}
	</update>
	
	
</mapper>