<!DOCTYPE mapper
    PUBLIC "-//mybatis.org//DTD Mapper 3.0//EN"
    "http://mybatis.org/dtd/mybatis-3-mapper.dtd">

<mapper namespace="cdmElectronicPartMapper">
	<select id="get_new_electronic_part" parameterType="java.util.Map" resultType="java.util.Map">
		SELECT OBJECT_ID,
		      ITEMNUMBER,
		      ITEMNAME,
		      VERSION,
		      SYSTEM,
		      PRODUCT,
		      PROJECTCODE,
		      BOARDASSYYN,
		      APPTYPE,
		      APPDATE,
		      PQRAPPDATE,
		      PQRAPPTYPE,
		      CARTYPE,
		      EONO,
		      ISACTIVE,
		      ITEMDESC,
		      PARENTCLASSCODE,
		      PARENTCLASSNAME,
		      REQDESC,
		      REQLIBTYPE,
		      REQREASON,
		      REQTYPE,
		      STATUS,
		      SUPPLIERCODE,
		      SUPPLIERNAME,
		      SYMBOLPATH,
		      PCBFOOTPRINTPATH,
		      ALTFOOTPRINTPATH,
		      CREATION_DATE,
		      EMPLOYEE_NUMBER,
		      PROCESS_FLAG,
		      IF_START_DATE,
		      IF_END_DATE
		FROM TB_ECPART_CDM_EXP_IF
		WHERE IF_END_DATE IS NULL
	</select>
	
	<select id="get_part_specification" parameterType="java.util.Map" resultType="java.util.Map">
		SELECT
			OBJECT_ID,
			PARENT_OBJECT_ID,
			SPEC_NAME,
			SPEC_VALUE,
			SPEC_UNIT,
			SEQINDEX
		FROM TB_ECPARTSPEC_CDM_EXP_IF
    	WHERE PARENT_OBJECT_ID = #{PARENT_OBJECT_ID}    
		ORDER BY SEQINDEX   
		
	</select>
	
	
	<update id="update_flag_after_create_part" parameterType="java.util.Map" >
		UPDATE TB_ECPART_CDM_EXP_IF 
		SET  IF_END_DATE = SYSDATE
		WHERE OBJECT_ID = #{OBJECT_ID}
	</update>
	
	<update id="update_flag_after_release_part" parameterType="java.util.Map" >
		UPDATE TB_ECPART_CDM_EXP_IF 
		SET  IF_END_DATE = SYSDATE
		WHERE EONO = #{EONO} AND STATUS = #{STATUS}
	</update>
	
	
</mapper>